Mexiko-Stadt,Tansania,Namibia,Irland,Großbritannien,Belgien,Tschechien,Tschechien,Griechenland,Lettland,Slowenine,Taipei,Taipei,Taipei,Ungarn,Ungarn,New Delhi,New Delhi,Rio de Janeiro,Südafrika,Südafrika,Südafrika,Südafrika,Südafrika
"
Stellenausschreibung
Programmkoordinator*in für den Bereich Bildende Kunst in Mexiko
",Honorarlehrkraft am Goethe-Institut Tansania (Ortskraft),"

Vertragslehrkraft am Goethe-Institut Namibia(PDF, 111 kB)

","
Call for Proposals: Creative Pop-Up Café at   Goethe-Institut Dublin 
","
Rezeptionist*in (m/w/d)
","
Stellenangebote
","

Projektleiter*in filmED(PDF, 147 kB)

","

EN_Perspectives_Call for Young Reporters(PDF, 132 kB)

",Regional Grants and mobility manager,"
			Weitere Informationen 
				","
Unterrichten am Goethe-Institut Ljubljana
","
IT und Verwaltung
","
Programmarbeit
","
Honorarlehrkraft
","
Sachbearbeiter/in PR mit Schwerpunkt Online Kommunikation 
","
Aushilfe für die Telefonzentrale/Rezeption
","
Mitarbeiter*in Sprachkurse und Prüfungen
","
Building Maintenance Supervisor
","
Mitarbeiter/-in der Abteilung Information & Bibliothek
","
Regionale*r Ansprechpartner*in für Digitales Lernen
","
Full-time project coordinator, working on cultural programmes
","
Sachbearbeitung auf Honorarbasis als Vertretung in der Sprachabteilung
","
Trainer*in für interkulturelle Kurse
","
Teilnehmende gesucht
"
https://www.goethe.de/ins/mx/de/ueb/kar.html,https://www.goethe.de/ins/ts/de/ueb/kar.html,https://www.goethe.de/ins/na/de/ueb/kar.html,https://www.goethe.de/ins/ie/de/ueb/kar.html,https://www.goethe.de/ins/gb/de/ueb/kar/ste.html,https://www.goethe.de/ins/be/de/ueb/kar.html,https://www.goethe.de/ins/cz/de/ueb/kar.html,https://www.goethe.de/ins/cz/de/ueb/kar.html,https://www.goethe.de/ins/gr/de/ueb/kar.html,https://www.goethe.de/ins/lv/de/uun/kar.html,https://www.goethe.de/ins/si/de/ueb/kar.html,https://www.goethe.de/ins/tw/de/ueb/kar.html,https://www.goethe.de/ins/tw/de/ueb/kar.html,https://www.goethe.de/ins/tw/de/ueb/kar.html,https://www.goethe.de/ins/hu/de/ueb/kar.html,https://www.goethe.de/ins/hu/de/ueb/kar.html,https://www.goethe.de/ins/in/de/sta/new/ueb/karriere.html,https://www.goethe.de/ins/in/de/sta/new/ueb/karriere.html,https://www.goethe.de/ins/br/de/sta/rio/ueb/kar.html,https://www.goethe.de/ins/za/de/ueb/kar.html,https://www.goethe.de/ins/za/de/ueb/kar.html,https://www.goethe.de/ins/za/de/ueb/kar.html,https://www.goethe.de/ins/za/de/ueb/kar.html,https://www.goethe.de/ins/za/de/ueb/kar.html
